{
	"info": {
		"_postman_id": "ba33c277-2911-45bd-ab12-3f12cf1110ef",
		"name": "MyHospital Doctor Service",
		"schema": "https://schema.getpostman.com/json/collection/v2.1.0/collection.json",
		"_exporter_id": "30413899"
	},
	"item": [
		{
			"name": "Get Doctors List",
			"request": {
				"method": "GET",
				"header": [],
				"url": {
					"raw": "{{BASE_URL}}/doctor-service/api/v1/doctor",
					"host": [
						"{{BASE_URL}}"
					],
					"path": [
						"doctor-service",
						"api",
						"v1",
						"doctor"
					]
				}
			},
			"response": []
		},
		{
			"name": "Create new doctor",
			"request": {
				"method": "POST",
				"header": [],
				"url": {
					"raw": "{{BASE_URL}}/doctor-service/api/v1/doctor",
					"host": [
						"{{BASE_URL}}"
					],
					"path": [
						"doctor-service",
						"api",
						"v1",
						"doctor"
					]
				}
			},
			"response": []
		},
		{
			"name": "Update a doctor",
			"request": {
				"method": "PUT",
				"header": [],
				"url": {
					"raw": "{{BASE_URL}}/doctor-service/api/v1/doctor",
					"host": [
						"{{BASE_URL}}"
					],
					"path": [
						"doctor-service",
						"api",
						"v1",
						"doctor"
					]
				}
			},
			"response": []
		},
		{
			"name": "Delete a doctor",
			"request": {
				"method": "DELETE",
				"header": [],
				"url": {
					"raw": "{{BASE_URL}}/doctor-service/api/v1/doctor",
					"host": [
						"{{BASE_URL}}"
					],
					"path": [
						"doctor-service",
						"api",
						"v1",
						"doctor"
					]
				}
			},
			"response": []
		}
	],
	"event": [
		{
			"listen": "prerequest",
			"script": {
				"type": "text/javascript",
				"exec": [
					""
				]
			}
		},
		{
			"listen": "test",
			"script": {
				"type": "text/javascript",
				"exec": [
					""
				]
			}
		}
	],
	"variable": [
		{
			"key": "BASE_URL",
			"value": "localhost:8080",
			"type": "string"
		}
	]
}